{
    "totalRiders": 3,
    "averageWaitTime": 20.82028579711914,
    "averageRideTime": 20.293607711791993,
    "averageStuckTime": 0.0,
    "riders": [
        {
            "riderId": "38eb6d9a-22bd-4f34-ae11-f772b39e87ac",
            "weight": 171.30905151367188,
            "moodLevel": 50.0,
            "waitTime": 20.100269317626954,
            "rideTime": 16.800193786621095,
            "stuckTime": 0.0,
            "floorsCalled": [
                3,
                1
            ]
        },
        {
            "riderId": "abf33c59-908e-43da-8b45-0a314bd68b60",
            "weight": 168.2236328125,
            "moodLevel": 50.0,
            "waitTime": 17.540210723876954,
            "rideTime": 18.760238647460939,
            "stuckTime": 0.0,
            "floorsCalled": [
                3,
                1
            ]
        },
        {
            "riderId": "543a5107-a04f-4f4f-93b2-19ad514dd96d",
            "weight": 153.63600158691407,
            "moodLevel": 50.0,
            "waitTime": 24.820377349853517,
            "rideTime": 25.320388793945314,
            "stuckTime": 0.0,
            "floorsCalled": [
                4,
                1
            ]
        }
    ]
}