{
    "totalRiders": 1,
    "averageWaitTime": 9.920037269592286,
    "averageRideTime": 10.540051460266114,
    "averageStuckTime": 0.0,
    "riders": [
        {
            "riderId": "b6e9edb1-aaca-4227-9722-4e6ee31d7974",
            "weight": 156.08349609375,
            "moodLevel": 50.0,
            "waitTime": 9.920037269592286,
            "rideTime": 10.540051460266114,
            "stuckTime": 0.0,
            "floorsCalled": [
                4,
                1
            ]
        }
    ]
}